"Question","Answer"
"What are your opening and closing hours on weekdays?","The Taste Of India is open on weekdays from 8:00 AM to 10:30 PM."
"Do your hours change seasonally?","No, our working hours remain the same from 8:00 AM to 10:30 PM during seasons."
"Can I order some breakfast at 9:00 AM sharp?","Yes, of course! We open at 8:00 AM sharp, and you are welcome to place an order at our restaurant for a fresh and delicious breakfast."
"Do you close early on any specific day?","No, we do not close early on any specific days. We open daily at 8:00 AM and close at 10:30 PM."
"Are your opening hours the same for other days?","Yes! Our opening hours are the same every day from 8:00 AM to 10:30 PM."
"Are you open during lunch hours?","Yes, we are open during lunch hours."
"Do you have special hours for festivals?","No, even on festivals, we are open from 8:00 AM to 10:30 PM."
"Are your weekend hours different from weekdays?","No, we don’t take a break! We’re open on weekends from 8:00 AM to 10:30 PM."
"What time do you close on public holidays?","No need to worry about special holiday timings - our hours remain the same from 8:00 AM to 10:30 PM."
"Do you have extended hours during special events?","We don’t close early on any day, including special events like festivals. Our closing time is always 10:30 PM."
"Do you open earlier on any day?","No, we provide our services from 8:00 AM to 10:30 PM."
"Will you be open on Diwali/Eid/Thanksgiving?","Yes, we operate with the same timing throughout the year - 8:00 AM to 10:30 PM every day."
"Do you close earlier on any days?","We never change our hours! No matter the special day, we are here from 8:00 AM to 10:30 PM."
"What’s the best time to place an order at your platform?","The best time to place an order at our platform is anytime between 8:00 AM to 10:30 PM."
"Do you provide offline services at your restaurant?","Currently, we don’t provide offline services at our restaurant."
"Do you provide takeout services?","No, we do not provide takeout services."
"Do you provide online services?","Yes, we only provide online services in between our hours."
"Do you operate after working hours?","No, we operate only in between 8:00 AM to 10:30 PM. Orders cannot be placed outside these hours."
"Do you provide dine-in services?","Sorry to say, we don’t offer dine-in services at the moment, but we’ll definitely try to make it happen in the future!"
"Do you provide online or offline services?","We provide only online services from 8:00 AM to 10:30 PM. But sorry to say offline services are not available."
"Do you offer an online order at 8:55 PM?","Yes, we offer online orders at 8:55 PM, our service is available till 10:30 PM."
"Is delivery available until closing time?","Yes, our delivery service is available until our closing time."
"Can I order for pickup after 10:30 PM?","No, we do not accept pickup orders after 10:30 PM. Please place your order before closing."
"Can I access your website to order food?","Yes, you can access our platform to place your order."
"What’s your last order time?","Our last order time is until 10:30 PM, so make sure to order early before closing time and enjoy your meal!"
"Do you close the kitchen before 10:30 PM?","No, our kitchen remains open until 10:30 PM."
"Can I get food after 8:45 PM?","Yes, you can order food at any time during our hours, as long as it's before 10:30 PM."
"How flexible are your closing hours?","Our closing hours are fixed at 10:30 PM every day."
"Do you extend hours if it's busy?","No, we do not extend hours even if it's busy. We close at 10:30 PM."
"Can I call in an order at 8:59 PM?","Yes, you can call in an order at any time in between our operating hours, but try to do it before 10:30 PM."
"Hi","Hello, Welcome to The Taste of India! How can I help you?"
"Are you open on Weekends?","Yes, we are open on Weekends."
"Are you open on holidays?","Yes, we are open on holidays."
"Are you open on festivals?","Yes, we are open on festivals."
"Are you open late at night?","No, we are not open late at night. We are only open till 10:30 PM."
"Can I order food after 10:30 PM?","No, we close at 10:30 PM, so you can place your order until 10:30 PM."
"Can I order food at any time?","Yes, you can order food at any time in between our operating hours."
"Is your food service available on holidays?","Yes, our food services are available on holidays."
"Can I visit your website on any day?","Yes, you can visit our platform on any day."
"At what timing?","Our service is available daily from 8:00 AM to 10:30 PM. Feel free to place an order and enjoy delicious food flavors anytime within our hours!"
"When do you close?","We close at 10:30 PM."
"When do you open?","We open at 8:00 AM."
"Do you change your timings?","Nope, our hours stay the same – 8:00 AM to 10:30 PM."
"Do you have separate hours?","No, we do not have separate hours. We operate continuously from 8:00 AM to 10:30 PM."
"Do you know what time The Taste of India opens?","Yes, The Taste of India opens at 8:00 AM."
"Is The Taste of India currently accepting orders?","Yes, you can place your order through our platform. The Taste of India is open from 8:00 AM to 10:30 PM every day. You are welcome to order at any time during our operating hours!"
"Can I order food during festivals?","Yes, you can place your order even on festivals."
"Are you open on holidays?","Yes, we are open on holidays."
"Can I order food during holidays?","Yes, you can place an order even on holidays."
"Can I come at 8:00 AM for some breakfast?","No, we do not provide dine-in services. However, you can order online starting from 8:00 AM to 10:30 PM."
"Can I get any eating items like food, coffee, cold drinks, and all at any time?","Yes, you can order any available food item from our menu during our operating hours, from 8:00 AM to 10:30 PM every day!"
"Sunday timing?","Our services are available on Sunday from 8:00 AM to 10:30 PM."
"Monday timing?","Our services are available on Monday from 8:00 AM to 10:30 PM."
"Tuesday timing?","Our services are available on Tuesday from 8:00 AM to 10:30 PM."
"Wednesday timing?","Our services are available on Wednesday from 8:00 AM to 10:30 PM."
"Thursday timing?","Our services are available on Thursday from 8:00 AM to 10:30 PM."
"Do you have takeout services?","No, we do not offer takeout services. We operate exclusively online."
"Friday timing?","Our services are available on Friday from 8:00 AM to 10:30 PM."
"Saturday timing?","Our services are available on Saturday from 8:00 AM to 10:30 PM."
"Ok thank you","You're welcome! If you ever need anything else, feel free to ask. Have a great day!"
"Do you provide any services after or before your operating hours?","No, we are able to provide services only during our business hours."
"Is your service currently available?","Yes, our service is currently available. But try to reach out between our operating hours."
"What are your operating hours?","Our operating hours are from 8:00 AM to 10:30 PM."
"Are you open on Monday?","Yes, we are open on Monday."
"Are you open on Tuesday?","Yes, we are open on Tuesday."
"Are you open on Wednesday?","Yes, we are open on Wednesday."
"Are you open on Thursday?","Yes, we are open on Thursday."
"Are you open on Friday?","Yes, we are open on Friday."
"Are you open on Saturday?","Yes, we are open on Saturday."
"At what timing are you open?","We are available from 8:00 AM to 10:30 PM."
"Is your service available on Monday?","Yes, our service is available on Monday."
"Is your service available on Tuesday?","Yes, our service is available on Tuesday."
"Is your service available on Wednesday?","Yes, our service is available on Wednesday."
"Is your service available on Thursday?","Yes, our service is available on Thursday."
"Is your service available on Friday?","Yes, our service is available on Friday."
"Is your service available on Saturday?","Yes, our service is available on Saturday."
"Can I order food now?","Yes, you can order food between our operating hours."
"Are you open on Sunday?","Yes, we are open on Sunday."
"Is your service available on Sunday?","Yes, our service is available on Sunday."
"Are you open during dinner hours?","Yes, we provide the services during dinner hours until 10:30 PM."
"Are you open right now?","If the current time is between 8:00 AM to 10:30 PM, then 'Yes! We are open right now. Feel free to visit our website or place an online order.'"
"Are you available at 11:30 PM?","No, if the time is before 8:00 AM or after 10:30 PM, then 'Sorry, we’ll be closed at that time. Our hours are from 8:00 AM to 10:30 PM.'"
"Can I order food at 8:55 PM?","If the current time is between 8:00 AM to 10:30 PM, then 'Yes! You can order food. But try to order before 10:30 PM as it's our last order timing.'"
"What’s the last order time?","Currently, The Taste of India operates from 8:00 AM to 10:30 PM every day. The last order should be placed before 10:30 PM to ensure smooth service before closing."
"Are you open on weekdays?","Yes, we are open on weekdays."
"What are your hours?","Our working hours are from 8:00 AM to 10:30 PM."
"How are you?","I'm great, thanks for asking!"
"OK","Alright! Let me know if you have any questions."
"Weekday timing?","We are open from 8:00 AM to 10:30 PM during weekdays."
"Weekend timing?","We are open from 8:00 AM to 10:30 PM during weekends."
"Festival Timing?","We are open from 8:00 AM to 10:30 PM during festivals."
"Special Occasion Timing?","We are open from 8:00 AM to 10:30 PM even on special occasions."
"Public Holiday Timing?","We are open from 8:00 AM to 10:30 PM during public holidays."
"Holiday Timing?","We are open from 8:00 AM to 10:30 PM during holidays."
"Can I order food on Sunday, Monday, Tuesday, Wednesday, Thursday, Friday, Saturday?","Yes, of course! You can place an order on any day."
"Can I order food on Weekends, festivals, holidays?","Yes, of course! You can place an order in between our hours."
"What happens if I order late?","If you order late, and it's after 10:30 PM, your order will not be accepted because our service closes at that time."
"What happens if I order food earlier?","If you order food earlier, and it's before 8:00 AM, your order will not be accepted because our service starts at 8:00 AM."
